boundary,t_s,kind,gap_a_start,gap_a_end,off_a_start_ms,off_a_end_ms,in_gap_a,pos_in_gap_a,gap_b_start,gap_b_end,off_b_start_ms,in_gap_b,nearest_word_edge_ms,verdict_a,off_b_end_ms,pos_in_gap_b,verdict_b
1,10.600,hard-cut,10.520,10.840,80.0,-240.0,yes,0.250,9.920,10.520,680.0,no,80.0,on-pause,80.0,,audio-leads
2,26.200,blur-zoom,25.600,26.240,600.0,-40.0,yes,0.938,25.600,26.240,600.0,yes,-40.0,on-pause,-40.0,0.938,on-pause
3,32.200,hard-cut,31.080,32.200,1120.0,0.0,yes,1.000,31.080,32.200,1120.0,yes,0.0,on-pause,0.0,1.000,on-pause
4,35.900,dip,35.240,36.200,660.0,-300.0,yes,0.687,35.240,36.200,660.0,yes,-300.0,on-pause,-300.0,0.687,on-pause
5,49.300,dip,48.600,49.640,700.0,-340.0,yes,0.673,48.600,49.640,700.0,yes,-340.0,on-pause,-340.0,0.673,on-pause
6,53.100,hard-cut,52.400,53.040,700.0,60.0,no,,52.400,53.040,700.0,no,-60.0,audio-leads,60.0,,audio-leads
7,56.000,blur-zoom,54.960,56.000,1040.0,0.0,yes,1.000,54.960,56.000,1040.0,yes,0.0,on-pause,0.0,1.000,on-pause
8,70.900,dip,70.040,71.200,860.0,-300.0,yes,0.741,70.040,71.200,860.0,yes,-300.0,on-pause,-300.0,0.741,on-pause
9,82.800,hard-cut,82.720,83.400,80.0,-600.0,yes,0.118,82.720,83.400,80.0,yes,80.0,on-pause,-600.0,0.118,on-pause
10,87.600,dip,87.120,87.880,480.0,-280.0,yes,0.632,87.120,87.880,480.0,yes,-280.0,on-pause,-280.0,0.632,on-pause
11,113.600,blur-zoom,112.800,113.560,800.0,40.0,no,,112.800,113.560,800.0,no,40.0,audio-leads,40.0,,audio-leads
12,122.900,hard-cut,122.000,123.040,900.0,-140.0,yes,0.865,122.000,123.040,900.0,yes,-140.0,on-pause,-140.0,0.865,on-pause
13,124.600,dip,123.960,124.760,640.0,-160.0,yes,0.800,123.960,124.760,640.0,yes,-160.0,on-pause,-160.0,0.800,on-pause
14,137.800,hard-cut,136.800,137.800,1000.0,0.0,yes,1.000,136.800,137.800,1000.0,yes,0.0,on-pause,0.0,1.000,on-pause
15,143.200,dip,142.480,143.400,720.0,-200.0,yes,0.783,142.480,143.400,720.0,yes,-200.0,on-pause,-200.0,0.783,on-pause
16,149.500,hard-cut,148.720,149.400,780.0,100.0,no,,148.720,149.400,780.0,no,100.0,audio-leads,100.0,,audio-leads
17,160.100,dip,159.440,160.240,660.0,-140.0,yes,0.825,159.440,160.240,660.0,yes,-140.0,on-pause,-140.0,0.825,on-pause
18,168.200,blur-zoom,167.160,168.200,1040.0,0.0,yes,1.000,167.160,168.200,1040.0,yes,0.0,on-pause,0.0,1.000,on-pause
19,175.600,hard-cut,174.959,175.440,641.0,160.0,no,,174.959,175.440,641.0,no,-120.0,audio-leads,160.0,,audio-leads
20,191.300,blur-zoom,189.959,191.519,1341.0,-219.0,yes,0.860,189.959,191.519,1341.0,yes,-219.0,on-pause,-219.0,0.860,on-pause
21,203.700,hard-cut,202.560,203.800,1140.0,-100.0,yes,0.919,202.560,203.800,1140.0,yes,-100.0,on-pause,-100.0,0.919,on-pause
22,208.700,dip,207.840,208.959,860.0,-259.0,yes,0.769,207.840,208.959,860.0,yes,-259.0,on-pause,-259.0,0.769,on-pause
23,231.100,dip,230.080,231.320,1020.0,-220.0,yes,0.823,230.080,231.320,1020.0,yes,-220.0,on-pause,-220.0,0.823,on-pause
24,240.400,blur-zoom,239.360,240.480,1040.0,-80.0,yes,0.929,239.360,240.480,1040.0,yes,-80.0,on-pause,-80.0,0.929,on-pause
25,248.700,hard-cut,247.560,248.760,1140.0,-60.0,yes,0.950,247.560,248.760,1140.0,yes,-60.0,on-pause,-60.0,0.950,on-pause
26,262.500,blur-zoom,261.640,262.520,860.0,-20.0,yes,0.977,261.640,262.520,860.0,yes,-20.0,on-pause,-20.0,0.977,on-pause
27,274.100,hard-cut,273.320,274.120,780.0,-20.0,yes,0.975,273.320,274.120,780.0,yes,-20.0,on-pause,-20.0,0.975,on-pause
28,283.900,dip,282.320,284.080,1580.0,-180.0,yes,0.898,282.320,284.080,1580.0,yes,-180.0,on-pause,-180.0,0.898,on-pause
29,291.700,blur-zoom,290.520,291.720,1180.0,-20.0,yes,0.983,290.520,291.720,1180.0,yes,-20.0,on-pause,-20.0,0.983,on-pause
30,297.800,hard-cut,297.240,297.880,560.0,-80.0,yes,0.875,297.240,297.880,560.0,yes,-80.0,on-pause,-80.0,0.875,on-pause
31,304.100,dip,303.200,304.360,900.0,-260.0,yes,0.776,303.200,304.360,900.0,yes,-260.0,on-pause,-260.0,0.776,on-pause
32,316.700,hard-cut,316.560,316.919,140.0,-219.0,yes,0.390,315.760,316.560,940.0,no,140.0,on-pause,140.0,,audio-leads
33,320.100,dip,319.320,320.320,780.0,-220.0,yes,0.780,319.320,320.320,780.0,yes,-220.0,on-pause,-220.0,0.780,on-pause
34,324.600,blur-zoom,322.080,324.600,2520.0,0.0,yes,1.000,322.080,324.600,2520.0,yes,0.0,on-pause,0.0,1.000,on-pause
35,341.900,dip,341.280,342.320,620.0,-420.0,yes,0.596,341.280,342.320,620.0,yes,-420.0,on-pause,-420.0,0.596,on-pause
36,352.800,blur-zoom,352.000,352.880,800.0,-80.0,yes,0.909,352.000,352.880,800.0,yes,-80.0,on-pause,-80.0,0.909,on-pause
37,360.100,hard-cut,360.200,360.520,-100.0,-420.0,no,,358.040,359.800,2060.0,no,-100.0,picture-leads,300.0,,audio-leads
38,374.800,blur-zoom,373.440,374.880,1360.0,-80.0,yes,0.944,373.440,374.880,1360.0,yes,-80.0,on-pause,-80.0,0.944,on-pause
39,384.900,hard-cut,383.880,385.080,1020.0,-180.0,yes,0.850,383.880,385.080,1020.0,yes,-180.0,on-pause,-180.0,0.850,on-pause
40,391.400,dip,390.520,391.720,880.0,-320.0,yes,0.733,390.520,391.720,880.0,yes,-320.0,on-pause,-320.0,0.733,on-pause
41,412.700,hard-cut,411.840,413.000,860.0,-300.0,yes,0.741,411.840,413.000,860.0,yes,-300.0,on-pause,-300.0,0.741,on-pause
42,417.400,dip,416.800,417.600,600.0,-200.0,yes,0.750,416.800,417.600,600.0,yes,-200.0,on-pause,-200.0,0.750,on-pause
43,428.600,blur-zoom,427.680,428.640,920.0,-40.0,yes,0.958,427.680,428.640,920.0,yes,-40.0,on-pause,-40.0,0.958,on-pause
44,447.400,dip,446.760,447.520,640.0,-120.0,yes,0.842,446.760,447.520,640.0,yes,-120.0,on-pause,-120.0,0.842,on-pause
45,454.300,hard-cut,453.560,454.480,740.0,-180.0,yes,0.804,453.560,454.480,740.0,yes,-180.0,on-pause,-180.0,0.804,on-pause
46,458.200,blur-zoom,456.960,458.240,1240.0,-40.0,yes,0.969,456.960,458.240,1240.0,yes,-40.0,on-pause,-40.0,0.969,on-pause
47,473.900,dip,473.480,474.040,420.0,-140.0,yes,0.750,473.480,474.040,420.0,yes,-140.0,on-pause,-140.0,0.750,on-pause
48,482.800,blur-zoom,482.120,482.800,680.0,0.0,yes,1.000,482.120,482.800,680.0,yes,0.0,on-pause,0.0,1.000,on-pause
49,490.400,hard-cut,489.960,490.400,440.0,0.0,yes,1.000,491.200,491.680,-800.0,no,0.0,on-pause,-1280.0,,picture-leads
50,503.200,blur-zoom,502.200,503.160,1000.0,40.0,no,,502.200,503.160,1000.0,no,40.0,audio-leads,40.0,,audio-leads
51,511.000,hard-cut,509.800,510.960,1200.0,40.0,no,,509.800,510.960,1200.0,no,40.0,audio-leads,40.0,,audio-leads
52,513.400,dip,512.520,513.560,880.0,-160.0,yes,0.846,512.520,513.560,880.0,yes,-160.0,on-pause,-160.0,0.846,on-pause
53,530.400,dip,528.880,530.640,1520.0,-240.0,yes,0.864,528.880,530.640,1520.0,yes,-240.0,on-pause,-240.0,0.864,on-pause
54,547.000,hard-cut,545.960,547.040,1040.0,-40.0,yes,0.963,545.960,547.040,1040.0,yes,-40.0,on-pause,-40.0,0.963,on-pause
55,553.900,dip,553.080,554.080,820.0,-180.0,yes,0.820,553.080,554.080,820.0,yes,-180.0,on-pause,-180.0,0.820,on-pause
56,571.200,hard-cut,570.200,571.240,1000.0,-40.0,yes,0.962,570.200,571.240,1000.0,yes,-40.0,on-pause,-40.0,0.962,on-pause
57,577.400,dip,576.760,577.720,640.0,-320.0,yes,0.667,576.760,577.720,640.0,yes,-320.0,on-pause,-320.0,0.667,on-pause
58,588.000,blur-zoom,587.160,588.080,840.0,-80.0,yes,0.913,587.160,588.080,840.0,yes,-80.0,on-pause,-80.0,0.913,on-pause
59,605.500,dip,605.000,605.720,500.0,-220.0,yes,0.694,605.000,605.720,500.0,yes,-220.0,on-pause,-220.0,0.694,on-pause
60,612.100,blur-zoom,611.720,612.040,380.0,60.0,no,,610.760,611.240,1340.0,no,60.0,audio-leads,860.0,,audio-leads
61,616.400,hard-cut,615.760,616.400,640.0,0.0,yes,1.000,615.760,616.400,640.0,yes,0.0,on-pause,0.0,1.000,on-pause
62,631.700,hard-cut,630.880,631.680,820.0,20.0,no,,630.880,631.680,820.0,no,20.0,audio-leads,20.0,,audio-leads
63,639.000,blur-zoom,638.360,639.080,640.0,-80.0,yes,0.889,638.360,639.080,640.0,yes,-80.0,on-pause,-80.0,0.889,on-pause
64,648.000,hard-cut,647.000,648.000,1000.0,0.0,yes,1.000,647.000,648.000,1000.0,yes,0.0,on-pause,0.0,1.000,on-pause
65,660.400,blur-zoom,659.440,660.440,960.0,-40.0,yes,0.960,659.440,660.440,960.0,yes,-40.0,on-pause,-40.0,0.960,on-pause
66,671.300,hard-cut,670.240,671.440,1060.0,-140.0,yes,0.883,670.240,671.440,1060.0,yes,-140.0,on-pause,-140.0,0.883,on-pause
67,674.900,dip,674.280,675.080,620.0,-180.0,yes,0.775,674.280,675.080,620.0,yes,-180.0,on-pause,-180.0,0.775,on-pause
68,689.700,hard-cut,688.960,689.680,740.0,20.0,no,,688.960,689.680,740.0,no,20.0,audio-leads,20.0,,audio-leads
69,691.900,dip,691.560,692.000,340.0,-100.0,yes,0.773,692.720,693.760,-820.0,no,-100.0,on-pause,-1860.0,,picture-leads
70,699.600,blur-zoom,698.600,699.640,1000.0,-40.0,yes,0.962,698.600,699.640,1000.0,yes,-40.0,on-pause,-40.0,0.962,on-pause
71,710.200,dip,709.760,710.440,440.0,-240.0,yes,0.647,709.760,710.440,440.0,yes,-240.0,on-pause,-240.0,0.647,on-pause
72,717.300,hard-cut,716.720,717.240,580.0,60.0,no,,716.720,717.240,580.0,no,60.0,audio-leads,60.0,,audio-leads
73,726.500,hard-cut,726.480,727.000,20.0,-500.0,yes,0.038,726.480,727.000,20.0,yes,20.0,on-pause,-500.0,0.038,on-pause
74,741.700,blur-zoom,740.560,741.640,1140.0,60.0,no,,740.560,741.640,1140.0,no,60.0,audio-leads,60.0,,audio-leads
75,750.300,hard-cut,750.240,750.600,60.0,-300.0,yes,0.167,749.400,750.240,900.0,no,60.0,on-pause,60.0,,audio-leads
76,752.200,dip,751.880,752.360,320.0,-160.0,yes,0.667,751.880,752.360,320.0,yes,-160.0,on-pause,-160.0,0.667,on-pause
77,774.800,dip,774.160,775.200,640.0,-400.0,yes,0.615,774.160,775.200,640.0,yes,-400.0,on-pause,-400.0,0.615,on-pause
78,784.700,blur-zoom,783.960,784.800,740.0,-100.0,yes,0.881,783.960,784.800,740.0,yes,-100.0,on-pause,-100.0,0.881,on-pause
79,797.900,hard-cut,796.960,797.800,940.0,100.0,no,,796.960,797.800,940.0,no,100.0,audio-leads,100.0,,audio-leads
80,812.000,hard-cut,811.040,812.080,960.0,-80.0,yes,0.923,811.040,812.080,960.0,yes,-80.0,on-pause,-80.0,0.923,on-pause
81,814.100,dip,813.680,814.280,420.0,-180.0,yes,0.700,813.680,814.280,420.0,yes,-180.0,on-pause,-180.0,0.700,on-pause
82,823.800,blur-zoom,822.840,823.840,960.0,-40.0,yes,0.960,822.840,823.840,960.0,yes,-40.0,on-pause,-40.0,0.960,on-pause
83,834.800,dip,833.120,835.040,1680.0,-240.0,yes,0.875,833.120,835.040,1680.0,yes,-240.0,on-pause,-240.0,0.875,on-pause
84,842.700,blur-zoom,841.600,842.680,1100.0,20.0,no,,841.600,842.680,1100.0,no,20.0,audio-leads,20.0,,audio-leads
85,851.200,hard-cut,850.240,851.320,960.0,-120.0,yes,0.889,850.240,851.320,960.0,yes,-120.0,on-pause,-120.0,0.889,on-pause
86,867.200,hard-cut,865.560,867.240,1640.0,-40.0,yes,0.976,865.560,867.240,1640.0,yes,-40.0,on-pause,-40.0,0.976,on-pause
87,874.100,dip,873.360,874.480,740.0,-380.0,yes,0.661,873.360,874.480,740.0,yes,-380.0,on-pause,-380.0,0.661,on-pause
88,885.500,blur-zoom,884.360,885.600,1140.0,-100.0,yes,0.919,884.360,885.600,1140.0,yes,-100.0,on-pause,-100.0,0.919,on-pause
89,898.200,dip,897.520,898.360,680.0,-160.0,yes,0.810,897.520,898.360,680.0,yes,-160.0,on-pause,-160.0,0.810,on-pause
90,903.700,blur-zoom,902.720,903.720,980.0,-20.0,yes,0.980,902.720,903.720,980.0,yes,-20.0,on-pause,-20.0,0.980,on-pause
91,914.900,hard-cut,914.880,915.240,20.0,-340.0,yes,0.056,913.520,914.880,1380.0,no,20.0,on-pause,20.0,,audio-leads
92,926.000,blur-zoom,925.480,925.960,520.0,40.0,no,,925.480,925.960,520.0,no,40.0,audio-leads,40.0,,audio-leads
93,933.700,hard-cut,933.280,933.800,420.0,-100.0,yes,0.808,933.280,933.800,420.0,yes,-100.0,on-pause,-100.0,0.808,on-pause
94,938.200,dip,937.320,938.440,880.0,-240.0,yes,0.786,937.320,938.440,880.0,yes,-240.0,on-pause,-240.0,0.786,on-pause
95,959.500,dip,958.880,959.600,620.0,-100.0,yes,0.861,958.880,959.600,620.0,yes,-100.0,on-pause,-100.0,0.861,on-pause
96,968.900,hard-cut,968.240,968.800,660.0,100.0,no,,968.240,968.800,660.0,no,-60.0,audio-leads,100.0,,audio-leads
97,980.000,dip,979.080,980.120,920.0,-120.0,yes,0.885,979.080,980.120,920.0,yes,-120.0,on-pause,-120.0,0.885,on-pause
98,997.500,dip,996.560,997.760,940.0,-260.0,yes,0.783,996.560,997.760,940.0,yes,-260.0,on-pause,-260.0,0.783,on-pause
99,1002.700,blur-zoom,1001.800,1002.640,900.0,60.0,no,,1001.800,1002.640,900.0,no,-60.0,audio-leads,60.0,,audio-leads
