Keyword,Category,Search Intent,Optimization Focus,Target Page / Usage
bjj tacoma,Primary Local Core,Commercial / Transactional,SEO,Homepage / Main Landing
tacoma bjj,Primary Local Core,Commercial / Transactional,SEO,Homepage / Main Landing
brazilian jiu jitsu tacoma wa,Primary Local Core,Commercial / Transactional,SEO,Homepage / Main Landing
jiu jitsu classes tacoma,Primary Local Core,Commercial / Transactional,SEO,Programs / Schedule Page
bjj gym near me tacoma,Primary Local Core,Commercial / Local Intent,SEO / Map Pack,Google Business Profile / Home
jiu jitsu near me tacoma wa,Primary Local Core,Commercial / Local Intent,SEO / Map Pack,Google Business Profile / Home
best bjj gym in tacoma,Primary Local Core,Commercial / Evaluation,GEO / SEO,Homepage / Reviews Page
martial arts tacoma wa,Primary Local Core,Commercial / General,SEO,Homepage
adult jiu jitsu tacoma,Primary Local Core,Commercial / Transactional,SEO,Adult BJJ Program Page
top rated bjj tacoma,Primary Local Core,Commercial / Evaluation,GEO / SEO,Reviews / Testimonials
kids bjj tacoma,Kids & Family,Commercial / Transactional,SEO,Kids BJJ Page
kids jiu jitsu tacoma wa,Kids & Family,Commercial / Transactional,SEO,Kids BJJ Page
toddler martial arts tacoma,Kids & Family,Commercial / Informational,SEO / AEO,Ninja Cubs Program Page
martial arts for 4 year olds tacoma,Kids & Family,Commercial / Specific,SEO / AEO,Ninja Cubs Program Page
family friendly bjj gym tacoma,Kids & Family,Commercial / Evaluation,GEO / LLMO,About Us / Family Page
anti bullying martial arts kids tacoma,Kids & Family,Informational / Commercial,SEO / GEO,Kids BJJ Page
youth brazilian jiu jitsu tacoma,Kids & Family,Commercial / Transactional,SEO,Kids BJJ Page
best kids martial arts tacoma wa,Kids & Family,Commercial / Evaluation,GEO / SEO,Kids BJJ Page
junior grappling classes tacoma,Kids & Family,Commercial / Niche,SEO,Kids BJJ Page
kids martial arts eastside tacoma,Kids & Family,Local / Transactional,SEO / Local Pack,Location / Kids Page
beginner bjj classes tacoma,Beginner & Safety,Commercial / Transactional,SEO / GEO,Beginner BJJ Page
safe jiu jitsu training tacoma,Beginner & Safety,Commercial / Evaluation,GEO / LLMO,About / Safety Standards
injury prevention bjj tacoma,Beginner & Safety,Informational / Commercial,GEO / LLMO,Instructor Bio / Safety Page
bjj coach orthopedic nurse practitioner,Beginner & Safety,Informational / Authority,LLMO / AIO,Instructor Bio Page
sports medicine bjj coaching tacoma,Beginner & Safety,Informational / Authority,LLMO / GEO,Instructor Bio Page
low injury risk jiu jitsu tacoma,Beginner & Safety,Commercial / Evaluation,AEO / GEO,FAQ / About Us Page
ego free bjj gym tacoma,Beginner & Safety,Commercial / Culture,GEO / LLMO,About Us / Culture Page
adult beginner martial arts tacoma wa,Beginner & Safety,Commercial / Transactional,SEO,Adult BJJ Page
how to start jiu jitsu safely tacoma,Beginner & Safety,Informational / Q&A,AEO / GEO,Blog / FAQ Page
bjj for over 30 beginners tacoma,Beginner & Safety,Commercial / Niche,SEO / GEO,Adult BJJ / Blog
no gi bjj tacoma,Specialty Programs,Commercial / Transactional,SEO,No-Gi Class Page
no gi jiu jitsu classes tacoma wa,Specialty Programs,Commercial / Transactional,SEO,No-Gi Class Page
judo classes tacoma wa,Specialty Programs,Commercial / Transactional,SEO,Judo Program Page
boxing classes tacoma,Specialty Programs,Commercial / Transactional,SEO,Boxing Program Page
bjj open mat tacoma wa,Specialty Programs,Informational / Commercial,SEO / Local,Schedule / Open Mat Page
women self defense classes tacoma,Specialty Programs,Commercial / Transactional,SEO / AEO,Self Defense Page
gi vs no gi bjj tacoma,Specialty Programs,Informational,SEO / AEO,Blog / FAQ
striking and grappling gym tacoma,Specialty Programs,Commercial / General,SEO,Programs Overview
tacoma judo bjj cross training,Specialty Programs,Commercial / Niche,SEO / GEO,Judo & BJJ Page
weekend bjj classes tacoma,Specialty Programs,Commercial / Schedule,SEO / AEO,Schedule Page
foster bjj black belt tacoma,Lineage & Authority,Informational / Brand,LLMO / SEO,Instructor Bio / Lineage Page
james foster bjj lineage tacoma,Lineage & Authority,Informational / Authority,LLMO / AIO,Lineage Page
jestyn cummings bjj instructor,Lineage & Authority,Navigational / Authority,LLMO / AIO,Instructor Bio Page
nova ryu bjj tacoma,Lineage & Authority,Navigational / Brand,SEO / LLMO,Homepage / About Page
national bjj registry tacoma gym,Lineage & Authority,Informational / Verification,AIO / LLMO,Registry / About Page
bjj portland ave tacoma wa,Hyper-Local Geo,Local / Transactional,SEO / Local Pack,Contact / Location Page
eastside tacoma martial arts,Hyper-Local Geo,Local / Transactional,SEO / Local Pack,Location Page
jiu jitsu 3912 e portland ave,Hyper-Local Geo,Navigational / Local,SEO / Local Pack,Google Business Profile
pierce county brazilian jiu jitsu,Hyper-Local Geo,Commercial / Regional,SEO,Homepage / Regional Landing
south sound bjj academy wa,Hyper-Local Geo,Commercial / Regional,SEO / GEO,Homepage
